1, 1000, 0.000184312000000,
1, 1000, 0.000073783000000,
1, 1000, 0.000103439000000,
1, 1000, 0.000068273000000,
1, 1000, 0.000063454000000,
1, 1000, 0.000066684000000,
1, 1000, 0.000087945000000,
1, 1000, 0.000067895000000,
1, 1000, 0.000235734000000,
1, 1000, 0.000064811000000,
2, 1000, 0.000215602000000,
2, 1000, 0.000136939000000,
2, 1000, 0.000304759000000,
2, 1000, 0.000206251000000,
2, 1000, 0.000138185000000,
2, 1000, 0.000358388000000,
2, 1000, 0.000134522000000,
2, 1000, 0.000149180000000,
2, 1000, 0.000129619000000,
2, 1000, 0.000142778000000,
4, 1000, 0.010401154000000,
4, 1000, 0.005300987000000,
4, 1000, 0.000239853000000,
4, 1000, 0.043543651000000,
4, 1000, 0.001524768000000,
4, 1000, 0.026995608000000,
4, 1000, 0.001021107000000,
4, 1000, 0.001149688000000,
4, 1000, 0.003254114000000,
4, 1000, 0.000351579000000,
8, 1000, 0.016990223000000,
8, 1000, 0.000803676000000,
8, 1000, 0.004563871000000,
8, 1000, 0.001153246000000,
8, 1000, 0.000779929000000,
8, 1000, 0.004093356000000,
8, 1000, 0.000932530000000,
8, 1000, 0.004660313000000,
8, 1000, 0.002522660000000,
8, 1000, 0.001459331000000,
1, 2000, 0.000363052000000,
1, 2000, 0.000141412000000,
1, 2000, 0.000283962000000,
1, 2000, 0.000292751000000,
1, 2000, 0.000136616000000,
1, 2000, 0.000553149000000,
1, 2000, 0.000351624000000,
1, 2000, 0.000218903000000,
1, 2000, 0.000133814000000,
1, 2000, 0.000322355000000,
2, 2000, 0.000219728000000,
2, 2000, 0.000530332000000,
2, 2000, 0.000941900000000,
2, 2000, 0.000604424000000,
2, 2000, 0.000554015000000,
2, 2000, 0.000653987000000,
2, 2000, 0.000518219000000,
2, 2000, 0.000760923000000,
2, 2000, 0.000479583000000,
2, 2000, 0.000692018000000,
4, 2000, 0.002256767000000,
4, 2000, 0.011980901000000,
4, 2000, 0.012889515000000,
4, 2000, 0.000466281000000,
4, 2000, 0.000509256000000,
4, 2000, 0.001814235000000,
4, 2000, 0.000518820000000,
4, 2000, 0.002547482000000,
4, 2000, 0.000505438000000,
4, 2000, 0.000414396000000,
8, 2000, 0.001209156000000,
8, 2000, 0.003394642000000,
8, 2000, 0.000698415000000,
8, 2000, 0.013901138000000,
8, 2000, 0.001767739000000,
8, 2000, 0.003101279000000,
8, 2000, 0.002558854000000,
8, 2000, 0.001756838000000,
8, 2000, 0.000901014000000,
8, 2000, 0.003588159000000,
1, 3000, 0.000513212000000,
1, 3000, 0.000427997000000,
1, 3000, 0.000205996000000,
1, 3000, 0.000604132000000,
1, 3000, 0.000478504000000,
1, 3000, 0.000619548000000,
1, 3000, 0.000488411000000,
1, 3000, 0.000285626000000,
1, 3000, 0.000485278000000,
1, 3000, 0.000534506000000,
2, 3000, 0.001173699000000,
2, 3000, 0.001098677000000,
2, 3000, 0.001002763000000,
2, 3000, 0.000893708000000,
2, 3000, 0.000585259000000,
2, 3000, 0.000947840000000,
2, 3000, 0.000901210000000,
2, 3000, 0.000943023000000,
2, 3000, 0.001103453000000,
2, 3000, 0.000860382000000,
4, 3000, 0.000815424000000,
4, 3000, 0.002786573000000,
4, 3000, 0.000717442000000,
4, 3000, 0.003540905000000,
4, 3000, 0.015825115000000,
4, 3000, 0.003739488000000,
4, 3000, 0.000421430000000,
4, 3000, 0.000942056000000,
4, 3000, 0.011445545000000,
4, 3000, 0.003358691000000,
8, 3000, 0.001424744000000,
8, 3000, 0.004820355000000,
8, 3000, 0.005421122000000,
8, 3000, 0.001790420000000,
8, 3000, 0.002850753000000,
8, 3000, 0.001370357000000,
8, 3000, 0.005574973000000,
8, 3000, 0.004590643000000,
8, 3000, 0.002361156000000,
8, 3000, 0.000812416000000,
1, 4000, 0.000627061000000,
1, 4000, 0.000297007000000,
1, 4000, 0.000290860000000,
1, 4000, 0.000282211000000,
1, 4000, 0.000712935000000,
1, 4000, 0.000425646000000,
1, 4000, 0.000800820000000,
1, 4000, 0.000633733000000,
1, 4000, 0.000355185000000,
1, 4000, 0.000309894000000,
2, 4000, 0.001598218000000,
2, 4000, 0.001634324000000,
2, 4000, 0.001520277000000,
2, 4000, 0.000705278000000,
2, 4000, 0.001742201000000,
2, 4000, 0.001527067000000,
2, 4000, 0.001518007000000,
2, 4000, 0.001499262000000,
2, 4000, 0.001527629000000,
2, 4000, 0.001126495000000,
4, 4000, 0.000853743000000,
4, 4000, 0.000577160000000,
4, 4000, 0.000776746000000,
4, 4000, 0.000530827000000,
4, 4000, 0.009554744000000,
4, 4000, 0.004974949000000,
4, 4000, 0.026420727000000,
4, 4000, 0.001857399000000,
4, 4000, 0.006177082000000,
4, 4000, 0.000761335000000,
8, 4000, 0.001323841000000,
8, 4000, 0.004442207000000,
8, 4000, 0.005765872000000,
8, 4000, 0.003291949000000,
8, 4000, 0.002642388000000,
8, 4000, 0.006161610000000,
8, 4000, 0.001894944000000,
8, 4000, 0.002476102000000,
8, 4000, 0.006372705000000,
8, 4000, 0.003995770000000,
1, 5000, 0.000346005000000,
1, 5000, 0.000982785000000,
1, 5000, 0.000692106000000,
1, 5000, 0.000533666000000,
1, 5000, 0.000867045000000,
1, 5000, 0.000615894000000,
1, 5000, 0.000446852000000,
1, 5000, 0.000863591000000,
1, 5000, 0.001094222000000,
1, 5000, 0.000496068000000,
2, 5000, 0.000631516000000,
2, 5000, 0.000851009000000,
2, 5000, 0.001450546000000,
2, 5000, 0.001185901000000,
2, 5000, 0.001235752000000,
2, 5000, 0.001523067000000,
2, 5000, 0.001505044000000,
2, 5000, 0.000581765000000,
2, 5000, 0.001126562000000,
2, 5000, 0.001054851000000,
4, 5000, 0.012271721000000,
4, 5000, 0.001687985000000,
4, 5000, 0.001093592000000,
4, 5000, 0.002292551000000,
4, 5000, 0.001160366000000,
4, 5000, 0.001309782000000,
4, 5000, 0.000834421000000,
4, 5000, 0.000967559000000,
4, 5000, 0.002464967000000,
4, 5000, 0.005567465000000,
8, 5000, 0.002029997000000,
8, 5000, 0.008780241000000,
8, 5000, 0.004585688000000,
8, 5000, 0.004827975000000,
8, 5000, 0.005984722000000,
8, 5000, 0.002087106000000,
8, 5000, 0.002319959000000,
8, 5000, 0.002721356000000,
8, 5000, 0.004377540000000,
8, 5000, 0.005192713000000,
1, 6000, 0.000622332000000,
1, 6000, 0.000428776000000,
1, 6000, 0.001120181000000,
1, 6000, 0.000688665000000,
1, 6000, 0.000952259000000,
1, 6000, 0.001176871000000,
1, 6000, 0.000536991000000,
1, 6000, 0.001036606000000,
1, 6000, 0.001201373000000,
1, 6000, 0.001177467000000,
2, 6000, 0.001790835000000,
2, 6000, 0.001518183000000,
2, 6000, 0.001057772000000,
2, 6000, 0.001914296000000,
2, 6000, 0.001560616000000,
2, 6000, 0.000763568000000,
2, 6000, 0.001658870000000,
2, 6000, 0.001729201000000,
2, 6000, 0.001454422000000,
2, 6000, 0.001800559000000,
4, 6000, 0.001092610000000,
4, 6000, 0.001502500000000,
4, 6000, 0.000802648000000,
4, 6000, 0.001445586000000,
4, 6000, 0.003546912000000,
4, 6000, 0.001472457000000,
4, 6000, 0.001499737000000,
4, 6000, 0.029366794000000,
4, 6000, 0.006093592000000,
4, 6000, 0.001026684000000,
8, 6000, 0.034350756000000,
8, 6000, 0.002929246000000,
8, 6000, 0.005700874000000,
8, 6000, 0.002589642000000,
8, 6000, 0.004830543000000,
8, 6000, 0.007225043000000,
8, 6000, 0.007799465000000,
8, 6000, 0.008850703000000,
8, 6000, 0.004984230000000,
8, 6000, 0.008293291000000,
1, 7000, 0.000840236000000,
1, 7000, 0.000629237000000,
1, 7000, 0.000537413000000,
1, 7000, 0.000577457000000,
1, 7000, 0.001243267000000,
1, 7000, 0.001167046000000,
1, 7000, 0.000922300000000,
1, 7000, 0.001373573000000,
1, 7000, 0.001249614000000,
1, 7000, 0.001102726000000,
2, 7000, 0.000887051000000,
2, 7000, 0.001589427000000,
2, 7000, 0.000938494000000,
2, 7000, 0.000842883000000,
2, 7000, 0.001731521000000,
2, 7000, 0.001048640000000,
2, 7000, 0.001705613000000,
2, 7000, 0.001931908000000,
2, 7000, 0.001839590000000,
2, 7000, 0.000855876000000,
4, 7000, 0.001564807000000,
4, 7000, 0.007452429000000,
4, 7000, 0.001345471000000,
4, 7000, 0.000956154000000,
4, 7000, 0.001390384000000,
4, 7000, 0.034582157000000,
4, 7000, 0.006382506000000,
4, 7000, 0.000926636000000,
4, 7000, 0.008700458000000,
4, 7000, 0.004125493000000,
8, 7000, 0.008216292000000,
8, 7000, 0.006052912000000,
8, 7000, 0.003280501000000,
8, 7000, 0.003757763000000,
8, 7000, 0.002513453000000,
8, 7000, 0.006890750000000,
8, 7000, 0.002595306000000,
8, 7000, 0.009008801000000,
8, 7000, 0.007312002000000,
8, 7000, 0.009580136000000,
1, 8000, 0.001287560000000,
1, 8000, 0.000662342000000,
1, 8000, 0.001250952000000,
1, 8000, 0.000578292000000,
1, 8000, 0.001599430000000,
1, 8000, 0.001369836000000,
1, 8000, 0.000804900000000,
1, 8000, 0.001114254000000,
1, 8000, 0.001657163000000,
1, 8000, 0.000983739000000,
2, 8000, 0.001702679000000,
2, 8000, 0.001325215000000,
2, 8000, 0.002704721000000,
2, 8000, 0.002868378000000,
2, 8000, 0.001291739000000,
2, 8000, 0.002592975000000,
2, 8000, 0.001474603000000,
2, 8000, 0.003037777000000,
2, 8000, 0.002300552000000,
2, 8000, 0.002393519000000,
4, 8000, 0.001651951000000,
4, 8000, 0.003708192000000,
4, 8000, 0.001761689000000,
4, 8000, 0.009421470000000,
4, 8000, 0.001680872000000,
4, 8000, 0.004064278000000,
4, 8000, 0.001159071000000,
4, 8000, 0.014910533000000,
4, 8000, 0.006834542000000,
4, 8000, 0.001667595000000,
8, 8000, 0.002028902000000,
8, 8000, 0.002642229000000,
8, 8000, 0.003553364000000,
8, 8000, 0.004653957000000,
8, 8000, 0.002683134000000,
8, 8000, 0.007741133000000,
8, 8000, 0.007922465000000,
8, 8000, 0.005654349000000,
8, 8000, 0.012043968000000,
8, 8000, 0.003330306000000,
1, 9000, 0.001493804000000,
1, 9000, 0.000685662000000,
1, 9000, 0.001209966000000,
1, 9000, 0.001047964000000,
1, 9000, 0.000810202000000,
1, 9000, 0.001137371000000,
1, 9000, 0.001509857000000,
1, 9000, 0.001207110000000,
1, 9000, 0.001264408000000,
1, 9000, 0.001063069000000,
2, 9000, 0.001398753000000,
2, 9000, 0.002737079000000,
2, 9000, 0.001496821000000,
2, 9000, 0.001377719000000,
2, 9000, 0.002068606000000,
2, 9000, 0.001874150000000,
2, 9000, 0.001385803000000,
2, 9000, 0.001347136000000,
2, 9000, 0.001364977000000,
2, 9000, 0.002468823000000,
4, 9000, 0.038128318000000,
4, 9000, 0.001408760000000,
4, 9000, 0.001991065000000,
4, 9000, 0.001440463000000,
4, 9000, 0.010461120000000,
4, 9000, 0.001800657000000,
4, 9000, 0.004674492000000,
4, 9000, 0.002708633000000,
4, 9000, 0.003694782000000,
4, 9000, 0.021739844000000,
8, 9000, 0.004044622000000,
8, 9000, 0.002256212000000,
8, 9000, 0.016967140000000,
8, 9000, 0.003381168000000,
8, 9000, 0.003168318000000,
8, 9000, 0.004412646000000,
8, 9000, 0.007555048000000,
8, 9000, 0.007049251000000,
8, 9000, 0.005134539000000,
8, 9000, 0.006872831000000,
1, 10000, 0.000763942000000,
1, 10000, 0.000760229000000,
1, 10000, 0.001275089000000,
1, 10000, 0.001091388000000,
1, 10000, 0.001215874000000,
1, 10000, 0.000771014000000,
1, 10000, 0.000861964000000,
1, 10000, 0.000777443000000,
1, 10000, 0.001529095000000,
1, 10000, 0.000770430000000,
2, 10000, 0.001751002000000,
2, 10000, 0.004361389000000,
2, 10000, 0.003813858000000,
2, 10000, 0.001946490000000,
2, 10000, 0.003456978000000,
2, 10000, 0.003310571000000,
2, 10000, 0.003539798000000,
2, 10000, 0.003421739000000,
2, 10000, 0.001734580000000,
2, 10000, 0.003516758000000,
4, 10000, 0.002164113000000,
4, 10000, 0.011411883000000,
4, 10000, 0.001553950000000,
4, 10000, 0.002168302000000,
4, 10000, 0.001559777000000,
4, 10000, 0.001585129000000,
4, 10000, 0.003267401000000,
4, 10000, 0.002178335000000,
4, 10000, 0.003286124000000,
4, 10000, 0.003020897000000,
8, 10000, 0.014143941000000,
8, 10000, 0.011975995000000,
8, 10000, 0.008551505000000,
8, 10000, 0.012628081000000,
8, 10000, 0.011305250000000,
8, 10000, 0.004817494000000,
8, 10000, 0.002222310000000,
8, 10000, 0.009985501000000,
8, 10000, 0.005671873000000,
8, 10000, 0.004364490000000,
1, 11000, 0.001344688000000,
1, 11000, 0.001633871000000,
1, 11000, 0.000838110000000,
1, 11000, 0.001511230000000,
1, 11000, 0.001344529000000,
1, 11000, 0.001273841000000,
1, 11000, 0.000953180000000,
1, 11000, 0.001878278000000,
1, 11000, 0.001285257000000,
1, 11000, 0.001677994000000,
2, 11000, 0.005519808000000,
2, 11000, 0.001615941000000,
2, 11000, 0.002467911000000,
2, 11000, 0.002766872000000,
2, 11000, 0.002776288000000,
2, 11000, 0.002992190000000,
2, 11000, 0.002206881000000,
2, 11000, 0.002121954000000,
2, 11000, 0.001868390000000,
2, 11000, 0.002457904000000,
4, 11000, 0.002709398000000,
4, 11000, 0.010618794000000,
4, 11000, 0.002341799000000,
4, 11000, 0.002654788000000,
4, 11000, 0.010043948000000,
4, 11000, 0.011185431000000,
4, 11000, 0.002729527000000,
4, 11000, 0.002374804000000,
4, 11000, 0.001825494000000,
4, 11000, 0.002996028000000,
8, 11000, 0.010082205000000,
8, 11000, 0.011795959000000,
8, 11000, 0.004292593000000,
8, 11000, 0.006192206000000,
8, 11000, 0.010376656000000,
8, 11000, 0.003103696000000,
8, 11000, 0.017243504000000,
8, 11000, 0.004479299000000,
8, 11000, 0.015715214000000,
8, 11000, 0.013252154000000,
1, 12000, 0.000950644000000,
1, 12000, 0.000922672000000,
1, 12000, 0.001056294000000,
1, 12000, 0.000952355000000,
1, 12000, 0.000952239000000,
1, 12000, 0.001101044000000,
1, 12000, 0.001009030000000,
1, 12000, 0.001005589000000,
1, 12000, 0.002100477000000,
1, 12000, 0.001361146000000,
2, 12000, 0.003375174000000,
2, 12000, 0.001966643000000,
2, 12000, 0.002053315000000,
2, 12000, 0.005793429000000,
2, 12000, 0.003096225000000,
2, 12000, 0.002857988000000,
2, 12000, 0.003520833000000,
2, 12000, 0.005846109000000,
2, 12000, 0.002039827000000,
2, 12000, 0.002139694000000,
4, 12000, 0.002385329000000,
4, 12000, 0.036569637000000,
4, 12000, 0.006419239000000,
4, 12000, 0.002334519000000,
4, 12000, 0.002022975000000,
4, 12000, 0.002069348000000,
4, 12000, 0.007213508000000,
4, 12000, 0.001736388000000,
4, 12000, 0.001824403000000,
4, 12000, 0.002400199000000,
8, 12000, 0.026055507000000,
8, 12000, 0.010044442000000,
8, 12000, 0.011760907000000,
8, 12000, 0.007390172000000,
8, 12000, 0.012505874000000,
8, 12000, 0.004118586000000,
8, 12000, 0.011440579000000,
8, 12000, 0.010652483000000,
8, 12000, 0.005307995000000,
8, 12000, 0.004047082000000,
1, 13000, 0.001467720000000,
1, 13000, 0.001163882000000,
1, 13000, 0.001036951000000,
1, 13000, 0.001033283000000,
1, 13000, 0.001018962000000,
1, 13000, 0.001708509000000,
1, 13000, 0.002255321000000,
1, 13000, 0.001996597000000,
1, 13000, 0.002434360000000,
1, 13000, 0.001032677000000,
2, 13000, 0.002716322000000,
2, 13000, 0.002361654000000,
2, 13000, 0.023294900000000,
2, 13000, 0.003251703000000,
2, 13000, 0.003420221000000,
2, 13000, 0.003214366000000,
2, 13000, 0.002853081000000,
2, 13000, 0.003059583000000,
2, 13000, 0.003767476000000,
2, 13000, 0.002168994000000,
4, 13000, 0.027662367000000,
4, 13000, 0.002736626000000,
4, 13000, 0.002562514000000,
4, 13000, 0.003368054000000,
4, 13000, 0.002600330000000,
4, 13000, 0.076050419000000,
4, 13000, 0.002808372000000,
4, 13000, 0.003012181000000,
4, 13000, 0.002065381000000,
4, 13000, 0.002114434000000,
8, 13000, 0.008358628000000,
8, 13000, 0.010050619000000,
8, 13000, 0.008759133000000,
8, 13000, 0.010408435000000,
8, 13000, 0.013276014000000,
8, 13000, 0.012859259000000,
8, 13000, 0.003924887000000,
8, 13000, 0.021489687000000,
8, 13000, 0.023982384000000,
8, 13000, 0.010195471000000,
1, 14000, 0.001270532000000,
1, 14000, 0.001096199000000,
1, 14000, 0.001268802000000,
1, 14000, 0.001209221000000,
1, 14000, 0.001104505000000,
1, 14000, 0.001191817000000,
1, 14000, 0.001090320000000,
1, 14000, 0.001993382000000,
1, 14000, 0.001110296000000,
1, 14000, 0.001968318000000,
2, 14000, 0.002893976000000,
2, 14000, 0.003037909000000,
2, 14000, 0.001984583000000,
2, 14000, 0.003021035000000,
2, 14000, 0.001934796000000,
2, 14000, 0.001620100000000,
2, 14000, 0.002609421000000,
2, 14000, 0.001635854000000,
2, 14000, 0.002340901000000,
2, 14000, 0.001805574000000,
4, 14000, 0.002402026000000,
4, 14000, 0.002292299000000,
4, 14000, 0.005218232000000,
4, 14000, 0.003752386000000,
4, 14000, 0.030242327000000,
4, 14000, 0.003725654000000,
4, 14000, 0.029669034000000,
4, 14000, 0.002013325000000,
4, 14000, 0.002095229000000,
4, 14000, 0.002848365000000,
8, 14000, 0.004698356000000,
8, 14000, 0.012045019000000,
8, 14000, 0.014225870000000,
8, 14000, 0.008464852000000,
8, 14000, 0.016829856000000,
8, 14000, 0.004775647000000,
8, 14000, 0.008528419000000,
8, 14000, 0.005754299000000,
8, 14000, 0.011070859000000,
8, 14000, 0.008134357000000,
1, 15000, 0.001158459000000,
1, 15000, 0.001237537000000,
1, 15000, 0.001183645000000,
1, 15000, 0.001283216000000,
1, 15000, 0.001209347000000,
1, 15000, 0.001217921000000,
1, 15000, 0.001272844000000,
1, 15000, 0.001184597000000,
1, 15000, 0.001193763000000,
1, 15000, 0.001339245000000,
2, 15000, 0.006507209000000,
2, 15000, 0.003463120000000,
2, 15000, 0.003653749000000,
2, 15000, 0.003577480000000,
2, 15000, 0.003552668000000,
2, 15000, 0.004845168000000,
2, 15000, 0.006177130000000,
2, 15000, 0.007219705000000,
2, 15000, 0.005317139000000,
2, 15000, 0.004333129000000,
4, 15000, 0.002380415000000,
4, 15000, 0.006269979000000,
4, 15000, 0.003226536000000,
4, 15000, 0.003878438000000,
4, 15000, 0.039513599000000,
4, 15000, 0.002344665000000,
4, 15000, 0.002559492000000,
4, 15000, 0.003248503000000,
4, 15000, 0.002472408000000,
4, 15000, 0.005081342000000,
8, 15000, 0.007798351000000,
8, 15000, 0.006717963000000,
8, 15000, 0.006259235000000,
8, 15000, 0.005093643000000,
8, 15000, 0.003586332000000,
8, 15000, 0.010475108000000,
8, 15000, 0.010357083000000,
8, 15000, 0.025920861000000,
8, 15000, 0.004839693000000,
8, 15000, 0.014387290000000,
1, 16000, 0.001404804000000,
1, 16000, 0.001283728000000,
1, 16000, 0.001292968000000,
1, 16000, 0.001335251000000,
1, 16000, 0.001296312000000,
1, 16000, 0.001261246000000,
1, 16000, 0.001270806000000,
1, 16000, 0.001271570000000,
1, 16000, 0.001695585000000,
1, 16000, 0.002039612000000,
2, 16000, 0.002277828000000,
2, 16000, 0.002372824000000,
2, 16000, 0.002909905000000,
2, 16000, 0.002250970000000,
2, 16000, 0.003282734000000,
2, 16000, 0.002866072000000,
2, 16000, 0.007807023000000,
2, 16000, 0.002354051000000,
2, 16000, 0.002355813000000,
2, 16000, 0.003158188000000,
4, 16000, 0.002663786000000,
4, 16000, 0.003407216000000,
4, 16000, 0.003453583000000,
4, 16000, 0.004939439000000,
4, 16000, 0.002487144000000,
4, 16000, 0.003536328000000,
4, 16000, 0.011642867000000,
4, 16000, 0.029984001000000,
4, 16000, 0.003263464000000,
4, 16000, 0.002458940000000,
8, 16000, 0.015004253000000,
8, 16000, 0.014377582000000,
8, 16000, 0.005840682000000,
8, 16000, 0.013934692000000,
8, 16000, 0.031235615000000,
8, 16000, 0.007586321000000,
8, 16000, 0.005936380000000,
8, 16000, 0.005267485000000,
8, 16000, 0.009148943000000,
8, 16000, 0.005972575000000,
1, 17000, 0.002287281000000,
1, 17000, 0.001722244000000,
1, 17000, 0.001451380000000,
1, 17000, 0.001566399000000,
1, 17000, 0.001553238000000,
1, 17000, 0.001603983000000,
1, 17000, 0.001412465000000,
1, 17000, 0.002071626000000,
1, 17000, 0.001674131000000,
1, 17000, 0.002037809000000,
2, 17000, 0.004768643000000,
2, 17000, 0.002558149000000,
2, 17000, 0.002486788000000,
2, 17000, 0.003168597000000,
2, 17000, 0.003000591000000,
2, 17000, 0.004133479000000,
2, 17000, 0.004116108000000,
2, 17000, 0.006732361000000,
2, 17000, 0.004009977000000,
2, 17000, 0.003428957000000,
4, 17000, 0.004609562000000,
4, 17000, 0.003448029000000,
4, 17000, 0.002931117000000,
4, 17000, 0.004322989000000,
4, 17000, 0.006317323000000,
4, 17000, 0.003426789000000,
4, 17000, 0.003644939000000,
4, 17000, 0.008771563000000,
4, 17000, 0.019603172000000,
4, 17000, 0.004362067000000,
8, 17000, 0.004767970000000,
8, 17000, 0.006123162000000,
8, 17000, 0.013159500000000,
8, 17000, 0.016723718000000,
8, 17000, 0.013200729000000,
8, 17000, 0.009419360000000,
8, 17000, 0.012896461000000,
8, 17000, 0.014077850000000,
8, 17000, 0.028817783000000,
8, 17000, 0.025860597000000,
1, 18000, 0.001975871000000,
1, 18000, 0.001614401000000,
1, 18000, 0.001599782000000,
1, 18000, 0.001841204000000,
1, 18000, 0.002337985000000,
1, 18000, 0.001963561000000,
1, 18000, 0.001457941000000,
1, 18000, 0.002240339000000,
1, 18000, 0.003494174000000,
1, 18000, 0.001537603000000,
2, 18000, 0.004107381000000,
2, 18000, 0.005537053000000,
2, 18000, 0.006394823000000,
2, 18000, 0.005621631000000,
2, 18000, 0.005582764000000,
2, 18000, 0.004252930000000,
2, 18000, 0.004839223000000,
2, 18000, 0.004322742000000,
2, 18000, 0.004251661000000,
2, 18000, 0.007480602000000,
4, 18000, 0.005127366000000,
4, 18000, 0.004079261000000,
4, 18000, 0.005238445000000,
4, 18000, 0.003641785000000,
4, 18000, 0.003771434000000,
4, 18000, 0.008490080000000,
4, 18000, 0.009336568000000,
4, 18000, 0.004684998000000,
4, 18000, 0.004133083000000,
4, 18000, 0.024531893000000,
8, 18000, 0.007229072000000,
8, 18000, 0.018572880000000,
8, 18000, 0.015697410000000,
8, 18000, 0.010859070000000,
8, 18000, 0.006298086000000,
8, 18000, 0.006494484000000,
8, 18000, 0.006388156000000,
8, 18000, 0.006301906000000,
8, 18000, 0.013846328000000,
8, 18000, 0.021738159000000,
1, 19000, 0.006878248000000,
1, 19000, 0.001687948000000,
1, 19000, 0.001647647000000,
1, 19000, 0.001584084000000,
1, 19000, 0.001740280000000,
1, 19000, 0.002823843000000,
1, 19000, 0.002023379000000,
1, 19000, 0.002022185000000,
1, 19000, 0.001616886000000,
1, 19000, 0.002000021000000,
2, 19000, 0.004159058000000,
2, 19000, 0.004818235000000,
2, 19000, 0.004622191000000,
2, 19000, 0.004316080000000,
2, 19000, 0.004269472000000,
2, 19000, 0.006589054000000,
2, 19000, 0.005838539000000,
2, 19000, 0.004240563000000,
2, 19000, 0.005924150000000,
2, 19000, 0.006320607000000,
4, 19000, 0.005101626000000,
4, 19000, 0.003355764000000,
4, 19000, 0.003001114000000,
4, 19000, 0.004811358000000,
4, 19000, 0.003481897000000,
4, 19000, 0.004159644000000,
4, 19000, 0.003478125000000,
4, 19000, 0.018638591000000,
4, 19000, 0.003440244000000,
4, 19000, 0.004379272000000,
8, 19000, 0.005311860000000,
8, 19000, 0.010103078000000,
8, 19000, 0.006447324000000,
8, 19000, 0.005737904000000,
8, 19000, 0.022088788000000,
8, 19000, 0.007384982000000,
8, 19000, 0.009525354000000,
8, 19000, 0.005118329000000,
8, 19000, 0.006034142000000,
8, 19000, 0.030086896000000,
1, 20000, 0.002286706000000,
1, 20000, 0.002544344000000,
1, 20000, 0.001935631000000,
1, 20000, 0.002090967000000,
1, 20000, 0.001712580000000,
1, 20000, 0.001686664000000,
1, 20000, 0.002134033000000,
1, 20000, 0.002012328000000,
1, 20000, 0.001720076000000,
1, 20000, 0.001665140000000,
2, 20000, 0.003828480000000,
2, 20000, 0.002747724000000,
2, 20000, 0.002636202000000,
2, 20000, 0.002641232000000,
2, 20000, 0.003910901000000,
2, 20000, 0.002593217000000,
2, 20000, 0.002710444000000,
2, 20000, 0.009613178000000,
2, 20000, 0.002576724000000,
2, 20000, 0.003861203000000,
4, 20000, 0.031517636000000,
4, 20000, 0.002438899000000,
4, 20000, 0.003758940000000,
4, 20000, 0.011799123000000,
4, 20000, 0.003951110000000,
4, 20000, 0.002911715000000,
4, 20000, 0.032888442000000,
4, 20000, 0.002916417000000,
4, 20000, 0.002821260000000,
4, 20000, 0.007363384000000,
8, 20000, 0.006660217000000,
8, 20000, 0.006500819000000,
8, 20000, 0.008889779000000,
8, 20000, 0.015844369000000,
8, 20000, 0.014846145000000,
8, 20000, 0.021411939000000,
8, 20000, 0.008289940000000,
8, 20000, 0.007999453000000,
8, 20000, 0.016961634000000,
8, 20000, 0.023114957000000,
1, 21000, 0.002325948000000,
1, 21000, 0.002263955000000,
1, 21000, 0.001789215000000,
1, 21000, 0.005542585000000,
1, 21000, 0.002459520000000,
1, 21000, 0.002083680000000,
1, 21000, 0.002287528000000,
1, 21000, 0.001773343000000,
1, 21000, 0.001821689000000,
1, 21000, 0.001846777000000,
2, 21000, 0.004819537000000,
2, 21000, 0.004721188000000,
2, 21000, 0.006228329000000,
2, 21000, 0.003930384000000,
2, 21000, 0.006286118000000,
2, 21000, 0.005029925000000,
2, 21000, 0.006082325000000,
2, 21000, 0.005647768000000,
2, 21000, 0.003818813000000,
2, 21000, 0.003916897000000,
4, 21000, 0.004338951000000,
4, 21000, 0.005049893000000,
4, 21000, 0.003565598000000,
4, 21000, 0.009392194000000,
4, 21000, 0.003540699000000,
4, 21000, 0.004631539000000,
4, 21000, 0.021747108000000,
4, 21000, 0.005173582000000,
4, 21000, 0.003984968000000,
4, 21000, 0.004124174000000,
8, 21000, 0.025114089000000,
8, 21000, 0.012314876000000,
8, 21000, 0.010265731000000,
8, 21000, 0.007907128000000,
8, 21000, 0.008625048000000,
8, 21000, 0.013639505000000,
8, 21000, 0.014602580000000,
8, 21000, 0.006981112000000,
8, 21000, 0.006729653000000,
8, 21000, 0.018040916000000,
1, 22000, 0.002899043000000,
1, 22000, 0.001892163000000,
1, 22000, 0.001859408000000,
1, 22000, 0.001975087000000,
1, 22000, 0.010761665000000,
1, 22000, 0.001820037000000,
1, 22000, 0.002247344000000,
1, 22000, 0.003138227000000,
1, 22000, 0.001865783000000,
1, 22000, 0.002451999000000,
2, 22000, 0.004175191000000,
2, 22000, 0.005856109000000,
2, 22000, 0.005852729000000,
2, 22000, 0.007906338000000,
2, 22000, 0.005541728000000,
2, 22000, 0.004543039000000,
2, 22000, 0.004259609000000,
2, 22000, 0.004818541000000,
2, 22000, 0.004287843000000,
2, 22000, 0.007971498000000,
4, 22000, 0.004325958000000,
4, 22000, 0.003558179000000,
4, 22000, 0.010051181000000,
4, 22000, 0.007908327000000,
4, 22000, 0.004033529000000,
4, 22000, 0.005391682000000,
4, 22000, 0.004000279000000,
4, 22000, 0.024238372000000,
4, 22000, 0.003640804000000,
4, 22000, 0.020576516000000,
8, 22000, 0.007311875000000,
8, 22000, 0.019675981000000,
8, 22000, 0.009846750000000,
8, 22000, 0.008519280000000,
8, 22000, 0.018891322000000,
8, 22000, 0.011122387000000,
8, 22000, 0.006806620000000,
8, 22000, 0.012443968000000,
8, 22000, 0.008008522000000,
8, 22000, 0.008008256000000,
1, 23000, 0.004342197000000,
1, 23000, 0.002286275000000,
1, 23000, 0.001995876000000,
1, 23000, 0.002046263000000,
1, 23000, 0.002629469000000,
1, 23000, 0.002757046000000,
1, 23000, 0.003300854000000,
1, 23000, 0.001912798000000,
1, 23000, 0.002073500000000,
1, 23000, 0.002772698000000,
2, 23000, 0.007042377000000,
2, 23000, 0.005521337000000,
2, 23000, 0.008468677000000,
2, 23000, 0.006762331000000,
2, 23000, 0.006422458000000,
2, 23000, 0.005814053000000,
2, 23000, 0.006283435000000,
2, 23000, 0.005435776000000,
2, 23000, 0.015639729000000,
2, 23000, 0.005389773000000,
4, 23000, 0.007482206000000,
4, 23000, 0.004487491000000,
4, 23000, 0.004933583000000,
4, 23000, 0.006646796000000,
4, 23000, 0.007994127000000,
4, 23000, 0.028552125000000,
4, 23000, 0.007356161000000,
4, 23000, 0.007613983000000,
4, 23000, 0.007701094000000,
4, 23000, 0.027073346000000,
8, 23000, 0.027932127000000,
8, 23000, 0.008032803000000,
8, 23000, 0.011892313000000,
8, 23000, 0.010784831000000,
8, 23000, 0.008878155000000,
8, 23000, 0.009692425000000,
8, 23000, 0.018252444000000,
8, 23000, 0.013412301000000,
8, 23000, 0.009438878000000,
8, 23000, 0.008802142000000,
1, 24000, 0.002182266000000,
1, 24000, 0.002540937000000,
1, 24000, 0.002063142000000,
1, 24000, 0.002476800000000,
1, 24000, 0.002037195000000,
1, 24000, 0.002601932000000,
1, 24000, 0.002090132000000,
1, 24000, 0.002861558000000,
1, 24000, 0.002056181000000,
1, 24000, 0.002429780000000,
2, 24000, 0.005082544000000,
2, 24000, 0.003591733000000,
2, 24000, 0.003659059000000,
2, 24000, 0.003866169000000,
2, 24000, 0.003874540000000,
2, 24000, 0.003691672000000,
2, 24000, 0.005492590000000,
2, 24000, 0.004675470000000,
2, 24000, 0.004794967000000,
2, 24000, 0.006724695000000,
4, 24000, 0.003752456000000,
4, 24000, 0.003892941000000,
4, 24000, 0.009374225000000,
4, 24000, 0.005074128000000,
4, 24000, 0.031267643000000,
4, 24000, 0.004562143000000,
4, 24000, 0.005060737000000,
4, 24000, 0.015178409000000,
4, 24000, 0.004659355000000,
4, 24000, 0.003635813000000,
8, 24000, 0.012336638000000,
8, 24000, 0.015805332000000,
8, 24000, 0.014499831000000,
8, 24000, 0.008741676000000,
8, 24000, 0.008710647000000,
8, 24000, 0.009367799000000,
8, 24000, 0.009768988000000,
8, 24000, 0.012944992000000,
8, 24000, 0.007240697000000,
8, 24000, 0.021430351000000,
1, 25000, 0.002379531000000,
1, 25000, 0.002593333000000,
1, 25000, 0.003451610000000,
1, 25000, 0.002420146000000,
1, 25000, 0.002515540000000,
1, 25000, 0.003061372000000,
1, 25000, 0.003589052000000,
1, 25000, 0.004269631000000,
1, 25000, 0.002222687000000,
1, 25000, 0.002348842000000,
2, 25000, 0.012059723000000,
2, 25000, 0.006329863000000,
2, 25000, 0.005001641000000,
2, 25000, 0.004436565000000,
2, 25000, 0.006664135000000,
2, 25000, 0.006549290000000,
2, 25000, 0.007063418000000,
2, 25000, 0.004628829000000,
2, 25000, 0.005113928000000,
2, 25000, 0.004709864000000,
4, 25000, 0.005464207000000,
4, 25000, 0.005065001000000,
4, 25000, 0.024170253000000,
4, 25000, 0.006657700000000,
4, 25000, 0.004867210000000,
4, 25000, 0.012381475000000,
4, 25000, 0.006830213000000,
4, 25000, 0.008048805000000,
4, 25000, 0.004779127000000,
4, 25000, 0.004625474000000,
8, 25000, 0.012346165000000,
8, 25000, 0.025555696000000,
8, 25000, 0.011557782000000,
8, 25000, 0.019472797000000,
8, 25000, 0.010734234000000,
8, 25000, 0.009054197000000,
8, 25000, 0.008373602000000,
8, 25000, 0.013496080000000,
8, 25000, 0.011058009000000,
8, 25000, 0.017415881000000,
1, 26000, 0.002332327000000,
1, 26000, 0.002648176000000,
1, 26000, 0.002432716000000,
1, 26000, 0.002840746000000,
1, 26000, 0.002388613000000,
1, 26000, 0.003539832000000,
1, 26000, 0.002950180000000,
1, 26000, 0.002821757000000,
1, 26000, 0.002350254000000,
1, 26000, 0.003165799000000,
2, 26000, 0.003734523000000,
2, 26000, 0.004559202000000,
2, 26000, 0.003778198000000,
2, 26000, 0.003425254000000,
2, 26000, 0.003782896000000,
2, 26000, 0.003297760000000,
2, 26000, 0.004482949000000,
2, 26000, 0.004121846000000,
2, 26000, 0.003635139000000,
2, 26000, 0.005883785000000,
4, 26000, 0.006573867000000,
4, 26000, 0.006998162000000,
4, 26000, 0.004374161000000,
4, 26000, 0.003836623000000,
4, 26000, 0.005066377000000,
4, 26000, 0.005213172000000,
4, 26000, 0.003906723000000,
4, 26000, 0.003795832000000,
4, 26000, 0.005762791000000,
4, 26000, 0.004713731000000,
8, 26000, 0.009073200000000,
8, 26000, 0.010556445000000,
8, 26000, 0.024801106000000,
8, 26000, 0.017961889000000,
8, 26000, 0.012599380000000,
8, 26000, 0.015270928000000,
8, 26000, 0.019288357000000,
8, 26000, 0.009605081000000,
8, 26000, 0.013840302000000,
8, 26000, 0.015676841000000,
1, 27000, 0.013964872000000,
1, 27000, 0.002499628000000,
1, 27000, 0.002845054000000,
1, 27000, 0.002474189000000,
1, 27000, 0.002550435000000,
1, 27000, 0.003004351000000,
1, 27000, 0.002289592000000,
1, 27000, 0.002968949000000,
1, 27000, 0.002347181000000,
1, 27000, 0.002541952000000,
2, 27000, 0.005398757000000,
2, 27000, 0.005954816000000,
2, 27000, 0.005637801000000,
2, 27000, 0.005935129000000,
2, 27000, 0.007753005000000,
2, 27000, 0.008551239000000,
2, 27000, 0.005357554000000,
2, 27000, 0.006700396000000,
2, 27000, 0.008208493000000,
2, 27000, 0.006982051000000,
4, 27000, 0.007847569000000,
4, 27000, 0.005503036000000,
4, 27000, 0.005361458000000,
4, 27000, 0.005967050000000,
4, 27000, 0.008442141000000,
4, 27000, 0.005201072000000,
4, 27000, 0.005521806000000,
4, 27000, 0.007547196000000,
4, 27000, 0.005305831000000,
4, 27000, 0.005483748000000,
8, 27000, 0.009129912000000,
8, 27000, 0.010327197000000,
8, 27000, 0.011305120000000,
8, 27000, 0.021123499000000,
8, 27000, 0.022974060000000,
8, 27000, 0.016998607000000,
8, 27000, 0.012066812000000,
8, 27000, 0.010722890000000,
8, 27000, 0.013483846000000,
8, 27000, 0.021492065000000,
1, 28000, 0.002518812000000,
1, 28000, 0.005760065000000,
1, 28000, 0.002441614000000,
1, 28000, 0.002855229000000,
1, 28000, 0.002524210000000,
1, 28000, 0.002834306000000,
1, 28000, 0.002622118000000,
1, 28000, 0.002434379000000,
1, 28000, 0.002327162000000,
1, 28000, 0.004229237000000,
2, 28000, 0.008380310000000,
2, 28000, 0.008118824000000,
2, 28000, 0.015360399000000,
2, 28000, 0.011305157000000,
2, 28000, 0.008537011000000,
2, 28000, 0.007810131000000,
2, 28000, 0.008330690000000,
2, 28000, 0.009733779000000,
2, 28000, 0.009033691000000,
2, 28000, 0.008550019000000,
4, 28000, 0.010820224000000,
4, 28000, 0.006276221000000,
4, 28000, 0.008226318000000,
4, 28000, 0.005703846000000,
4, 28000, 0.008426466000000,
4, 28000, 0.009422981000000,
4, 28000, 0.007606105000000,
4, 28000, 0.007815498000000,
4, 28000, 0.006195370000000,
4, 28000, 0.006731891000000,
8, 28000, 0.013181942000000,
8, 28000, 0.008579487000000,
8, 28000, 0.008194667000000,
8, 28000, 0.012493511000000,
8, 28000, 0.008512956000000,
8, 28000, 0.008178736000000,
8, 28000, 0.009255746000000,
8, 28000, 0.019768857000000,
8, 28000, 0.012427112000000,
8, 28000, 0.010016614000000,
1, 29000, 0.002521456000000,
1, 29000, 0.002656427000000,
1, 29000, 0.003170876000000,
1, 29000, 0.002779105000000,
1, 29000, 0.002491116000000,
1, 29000, 0.003648200000000,
1, 29000, 0.002474867000000,
1, 29000, 0.002894783000000,
1, 29000, 0.002934193000000,
1, 29000, 0.003735389000000,
2, 29000, 0.007985530000000,
2, 29000, 0.009147149000000,
2, 29000, 0.014686300000000,
2, 29000, 0.008695794000000,
2, 29000, 0.010363272000000,
2, 29000, 0.019510799000000,
2, 29000, 0.008230742000000,
2, 29000, 0.014567316000000,
2, 29000, 0.010613042000000,
2, 29000, 0.008694465000000,
4, 29000, 0.005647808000000,
4, 29000, 0.013572366000000,
4, 29000, 0.006705656000000,
4, 29000, 0.006063504000000,
4, 29000, 0.007706913000000,
4, 29000, 0.010552848000000,
4, 29000, 0.005877701000000,
4, 29000, 0.012173851000000,
4, 29000, 0.008332826000000,
4, 29000, 0.005135836000000,
8, 29000, 0.009397421000000,
8, 29000, 0.032850595000000,
8, 29000, 0.015080305000000,
8, 29000, 0.013009177000000,
8, 29000, 0.011870423000000,
8, 29000, 0.007595200000000,
8, 29000, 0.016550581000000,
8, 29000, 0.011300409000000,
8, 29000, 0.015947896000000,
8, 29000, 0.010810321000000,
1, 30000, 0.002988122000000,
1, 30000, 0.003611477000000,
1, 30000, 0.002826713000000,
1, 30000, 0.004746457000000,
1, 30000, 0.003678235000000,
1, 30000, 0.002996050000000,
1, 30000, 0.003434924000000,
1, 30000, 0.003088119000000,
1, 30000, 0.002559592000000,
1, 30000, 0.002570888000000,
2, 30000, 0.007865794000000,
2, 30000, 0.016907718000000,
2, 30000, 0.010942392000000,
2, 30000, 0.009570478000000,
2, 30000, 0.009675032000000,
2, 30000, 0.007860065000000,
2, 30000, 0.007937572000000,
2, 30000, 0.007811029000000,
2, 30000, 0.007854519000000,
2, 30000, 0.011558046000000,
4, 30000, 0.007460052000000,
4, 30000, 0.006270719000000,
4, 30000, 0.006329529000000,
4, 30000, 0.006934585000000,
4, 30000, 0.026710124000000,
4, 30000, 0.006347029000000,
4, 30000, 0.006859922000000,
4, 30000, 0.009334813000000,
4, 30000, 0.006443373000000,
4, 30000, 0.007156598000000,
8, 30000, 0.012580896000000,
8, 30000, 0.016959916000000,
8, 30000, 0.014910724000000,
8, 30000, 0.016744048000000,
8, 30000, 0.013925088000000,
8, 30000, 0.014367880000000,
8, 30000, 0.010619324000000,
8, 30000, 0.017467813000000,
8, 30000, 0.011793743000000,
8, 30000, 0.010021010000000,
1, 31000, 0.002646538000000,
1, 31000, 0.002922606000000,
1, 31000, 0.003614075000000,
1, 31000, 0.003273392000000,
1, 31000, 0.002812245000000,
1, 31000, 0.002816753000000,
1, 31000, 0.003757655000000,
1, 31000, 0.003598799000000,
1, 31000, 0.004044921000000,
1, 31000, 0.002803666000000,
2, 31000, 0.016510249000000,
2, 31000, 0.010255059000000,
2, 31000, 0.008770012000000,
2, 31000, 0.009498272000000,
2, 31000, 0.008388493000000,
2, 31000, 0.011987752000000,
2, 31000, 0.010606704000000,
2, 31000, 0.008150593000000,
2, 31000, 0.010180882000000,
2, 31000, 0.008422160000000,
4, 31000, 0.008478597000000,
4, 31000, 0.010330922000000,
4, 31000, 0.007779922000000,
4, 31000, 0.005711343000000,
4, 31000, 0.010201546000000,
4, 31000, 0.020417585000000,
4, 31000, 0.005723903000000,
4, 31000, 0.010234085000000,
4, 31000, 0.005872400000000,
4, 31000, 0.024605347000000,
8, 31000, 0.015660811000000,
8, 31000, 0.013508586000000,
8, 31000, 0.014511760000000,
8, 31000, 0.013652156000000,
8, 31000, 0.027006596000000,
8, 31000, 0.015780165000000,
8, 31000, 0.023784942000000,
8, 31000, 0.009448798000000,
8, 31000, 0.011341421000000,
8, 31000, 0.015063528000000,
1, 32000, 0.002712270000000,
1, 32000, 0.003053422000000,
1, 32000, 0.002902910000000,
1, 32000, 0.006776189000000,
1, 32000, 0.002806306000000,
1, 32000, 0.002761880000000,
1, 32000, 0.002717314000000,
1, 32000, 0.003633010000000,
1, 32000, 0.002723370000000,
1, 32000, 0.003173275000000,
2, 32000, 0.009246393000000,
2, 32000, 0.010544209000000,
2, 32000, 0.008937260000000,
2, 32000, 0.011544052000000,
2, 32000, 0.013237482000000,
2, 32000, 0.008671177000000,
2, 32000, 0.031010850000000,
2, 32000, 0.009914594000000,
2, 32000, 0.008668673000000,
2, 32000, 0.009537356000000,
4, 32000, 0.006991407000000,
4, 32000, 0.007234391000000,
4, 32000, 0.007373170000000,
4, 32000, 0.007529072000000,
4, 32000, 0.007009485000000,
4, 32000, 0.007932485000000,
4, 32000, 0.011577949000000,
4, 32000, 0.008867928000000,
4, 32000, 0.010092619000000,
4, 32000, 0.007075450000000,
8, 32000, 0.010035711000000,
8, 32000, 0.014609657000000,
8, 32000, 0.016875178000000,
8, 32000, 0.013192862000000,
8, 32000, 0.015293037000000,
8, 32000, 0.023456487000000,
8, 32000, 0.011816370000000,
8, 32000, 0.018796964000000,
8, 32000, 0.012455737000000,
8, 32000, 0.021505307000000,
1, 33000, 0.003078095000000,
1, 33000, 0.003175534000000,
1, 33000, 0.003183701000000,
1, 33000, 0.003782901000000,
1, 33000, 0.003378593000000,
1, 33000, 0.002882272000000,
1, 33000, 0.002812128000000,
1, 33000, 0.002856939000000,
1, 33000, 0.002828608000000,
1, 33000, 0.002840760000000,
2, 33000, 0.011622621000000,
2, 33000, 0.010814139000000,
2, 33000, 0.009094743000000,
2, 33000, 0.010386415000000,
2, 33000, 0.010382922000000,
2, 33000, 0.009637326000000,
2, 33000, 0.008836652000000,
2, 33000, 0.009833948000000,
2, 33000, 0.013954780000000,
2, 33000, 0.010898963000000,
4, 33000, 0.006746469000000,
4, 33000, 0.006767165000000,
4, 33000, 0.007705994000000,
4, 33000, 0.006616954000000,
4, 33000, 0.007099302000000,
4, 33000, 0.007362892000000,
4, 33000, 0.016253536000000,
4, 33000, 0.007082123000000,
4, 33000, 0.009468116000000,
4, 33000, 0.017160474000000,
8, 33000, 0.011112234000000,
8, 33000, 0.011858316000000,
8, 33000, 0.016680689000000,
8, 33000, 0.017241949000000,
8, 33000, 0.022841777000000,
8, 33000, 0.018010885000000,
8, 33000, 0.021674092000000,
8, 33000, 0.012988488000000,
8, 33000, 0.015318834000000,
8, 33000, 0.014207224000000,
1, 34000, 0.002931733000000,
1, 34000, 0.007250489000000,
1, 34000, 0.016980318000000,
1, 34000, 0.005227558000000,
1, 34000, 0.003528425000000,
1, 34000, 0.003251911000000,
1, 34000, 0.003975961000000,
1, 34000, 0.002964662000000,
1, 34000, 0.002937087000000,
1, 34000, 0.003707478000000,
2, 34000, 0.021056259000000,
2, 34000, 0.008983413000000,
2, 34000, 0.009204177000000,
2, 34000, 0.020433804000000,
2, 34000, 0.016447820000000,
2, 34000, 0.010302060000000,
2, 34000, 0.009590837000000,
2, 34000, 0.012499667000000,
2, 34000, 0.009271391000000,
2, 34000, 0.009304516000000,
4, 34000, 0.012641236000000,
4, 34000, 0.007534714000000,
4, 34000, 0.007593614000000,
4, 34000, 0.009467621000000,
4, 34000, 0.008083820000000,
4, 34000, 0.007746923000000,
4, 34000, 0.013806465000000,
4, 34000, 0.017225245000000,
4, 34000, 0.007844027000000,
4, 34000, 0.011286391000000,
8, 34000, 0.012718068000000,
8, 34000, 0.013807781000000,
8, 34000, 0.016366993000000,
8, 34000, 0.012171290000000,
8, 34000, 0.012808937000000,
8, 34000, 0.017066885000000,
8, 34000, 0.042549061000000,
8, 34000, 0.012997386000000,
8, 34000, 0.019567829000000,
8, 34000, 0.011827442000000,
1, 35000, 0.003840771000000,
1, 35000, 0.003733279000000,
1, 35000, 0.004071527000000,
1, 35000, 0.003409832000000,
1, 35000, 0.003271706000000,
1, 35000, 0.003141263000000,
1, 35000, 0.003052335000000,
1, 35000, 0.003848249000000,
1, 35000, 0.004625394000000,
1, 35000, 0.003137666000000,
2, 35000, 0.006078036000000,
2, 35000, 0.005774647000000,
2, 35000, 0.005782837000000,
2, 35000, 0.010063849000000,
2, 35000, 0.005894781000000,
2, 35000, 0.006370982000000,
2, 35000, 0.008709354000000,
2, 35000, 0.005941287000000,
2, 35000, 0.006828308000000,
2, 35000, 0.006754677000000,
4, 35000, 0.006393488000000,
4, 35000, 0.005672836000000,
4, 35000, 0.008191383000000,
4, 35000, 0.006244713000000,
4, 35000, 0.031900648000000,
4, 35000, 0.006587442000000,
4, 35000, 0.005825222000000,
4, 35000, 0.010911154000000,
4, 35000, 0.008555028000000,
4, 35000, 0.007132366000000,
8, 35000, 0.018691329000000,
8, 35000, 0.015035351000000,
8, 35000, 0.018085827000000,
8, 35000, 0.012493554000000,
8, 35000, 0.012370498000000,
8, 35000, 0.014487640000000,
8, 35000, 0.013545755000000,
8, 35000, 0.013283697000000,
8, 35000, 0.012435990000000,
8, 35000, 0.009828531000000,
1, 36000, 0.003190036000000,
1, 36000, 0.007276102000000,
1, 36000, 0.003338454000000,
1, 36000, 0.003565209000000,
1, 36000, 0.003981377000000,
1, 36000, 0.004149269000000,
1, 36000, 0.004020710000000,
1, 36000, 0.003088273000000,
1, 36000, 0.003400059000000,
1, 36000, 0.003073124000000,
2, 36000, 0.011016695000000,
2, 36000, 0.009930800000000,
2, 36000, 0.011694106000000,
2, 36000, 0.009707134000000,
2, 36000, 0.012832095000000,
2, 36000, 0.020395374000000,
2, 36000, 0.015099367000000,
2, 36000, 0.012387197000000,
2, 36000, 0.010010049000000,
2, 36000, 0.009957740000000,
4, 36000, 0.008620240000000,
4, 36000, 0.008328498000000,
4, 36000, 0.007989338000000,
4, 36000, 0.008893925000000,
4, 36000, 0.008011916000000,
4, 36000, 0.012296787000000,
4, 36000, 0.008085736000000,
4, 36000, 0.028616631000000,
4, 36000, 0.008499485000000,
4, 36000, 0.008748299000000,
8, 36000, 0.013061798000000,
8, 36000, 0.014773853000000,
8, 36000, 0.020583101000000,
8, 36000, 0.010940002000000,
8, 36000, 0.013973197000000,
8, 36000, 0.011720411000000,
8, 36000, 0.029338480000000,
8, 36000, 0.017944626000000,
8, 36000, 0.010750783000000,
8, 36000, 0.014440113000000,
1, 37000, 0.003405766000000,
1, 37000, 0.003673218000000,
1, 37000, 0.003497647000000,
1, 37000, 0.004267095000000,
1, 37000, 0.003178627000000,
1, 37000, 0.003324216000000,
1, 37000, 0.003275285000000,
1, 37000, 0.003195802000000,
1, 37000, 0.004506006000000,
1, 37000, 0.003646101000000,
2, 37000, 0.010934476000000,
2, 37000, 0.011052697000000,
2, 37000, 0.011406605000000,
2, 37000, 0.027021625000000,
2, 37000, 0.014079396000000,
2, 37000, 0.010786769000000,
2, 37000, 0.010956344000000,
2, 37000, 0.018567540000000,
2, 37000, 0.013307535000000,
2, 37000, 0.010895723000000,
4, 37000, 0.009124641000000,
4, 37000, 0.026284686000000,
4, 37000, 0.009717101000000,
4, 37000, 0.009513201000000,
4, 37000, 0.008975676000000,
4, 37000, 0.038494668000000,
4, 37000, 0.011022930000000,
4, 37000, 0.020587524000000,
4, 37000, 0.009663480000000,
4, 37000, 0.008759456000000,
8, 37000, 0.026480434000000,
8, 37000, 0.012512643000000,
8, 37000, 0.014932585000000,
8, 37000, 0.014462370000000,
8, 37000, 0.015811467000000,
8, 37000, 0.013003279000000,
8, 37000, 0.011566667000000,
8, 37000, 0.016122453000000,
8, 37000, 0.018994298000000,
8, 37000, 0.030882046000000,
1, 38000, 0.004416185000000,
1, 38000, 0.003324436000000,
1, 38000, 0.003444834000000,
1, 38000, 0.003790913000000,
1, 38000, 0.003512676000000,
1, 38000, 0.003292914000000,
1, 38000, 0.004155711000000,
1, 38000, 0.003269427000000,
1, 38000, 0.003323880000000,
1, 38000, 0.003388154000000,
2, 38000, 0.011869576000000,
2, 38000, 0.011546546000000,
2, 38000, 0.010838400000000,
2, 38000, 0.010834621000000,
2, 38000, 0.013190488000000,
2, 38000, 0.014059241000000,
2, 38000, 0.010585223000000,
2, 38000, 0.011152662000000,
2, 38000, 0.013602615000000,
2, 38000, 0.010620162000000,
4, 38000, 0.008934814000000,
4, 38000, 0.011031924000000,
4, 38000, 0.010171112000000,
4, 38000, 0.012041217000000,
4, 38000, 0.014950541000000,
4, 38000, 0.030281823000000,
4, 38000, 0.009222960000000,
4, 38000, 0.010051877000000,
4, 38000, 0.018873711000000,
4, 38000, 0.026923315000000,
8, 38000, 0.014051119000000,
8, 38000, 0.012294923000000,
8, 38000, 0.011473849000000,
8, 38000, 0.037992810000000,
8, 38000, 0.018613344000000,
8, 38000, 0.015674055000000,
8, 38000, 0.014571046000000,
8, 38000, 0.013564452000000,
8, 38000, 0.014564234000000,
8, 38000, 0.020353486000000,
1, 39000, 0.003829842000000,
1, 39000, 0.003664375000000,
1, 39000, 0.003369557000000,
1, 39000, 0.004178943000000,
1, 39000, 0.003532084000000,
1, 39000, 0.003512626000000,
1, 39000, 0.003372766000000,
1, 39000, 0.003927570000000,
1, 39000, 0.003748935000000,
1, 39000, 0.003442771000000,
2, 39000, 0.008239010000000,
2, 39000, 0.013692929000000,
2, 39000, 0.013943209000000,
2, 39000, 0.008832894000000,
2, 39000, 0.011106759000000,
2, 39000, 0.009038367000000,
2, 39000, 0.010175570000000,
2, 39000, 0.009706870000000,
2, 39000, 0.008618894000000,
2, 39000, 0.008313218000000,
4, 39000, 0.021516548000000,
4, 39000, 0.009359773000000,
4, 39000, 0.013106810000000,
4, 39000, 0.008422074000000,
4, 39000, 0.011184461000000,
4, 39000, 0.008879195000000,
4, 39000, 0.008697240000000,
4, 39000, 0.011027669000000,
4, 39000, 0.009334512000000,
4, 39000, 0.008371686000000,
8, 39000, 0.024588049000000,
8, 39000, 0.042767182000000,
8, 39000, 0.020005668000000,
8, 39000, 0.022158213000000,
8, 39000, 0.018818284000000,
8, 39000, 0.027245835000000,
8, 39000, 0.023053687000000,
8, 39000, 0.020287025000000,
8, 39000, 0.027556346000000,
8, 39000, 0.032598257000000,
1, 40000, 0.004214602000000,
1, 40000, 0.011522831000000,
1, 40000, 0.012778039000000,
1, 40000, 0.003980855000000,
1, 40000, 0.004100714000000,
1, 40000, 0.007935342000000,
1, 40000, 0.003672710000000,
1, 40000, 0.003637937000000,
1, 40000, 0.003542306000000,
1, 40000, 0.003848938000000,
2, 40000, 0.008668984000000,
2, 40000, 0.009336146000000,
2, 40000, 0.008284557000000,
2, 40000, 0.008561860000000,
2, 40000, 0.008179561000000,
2, 40000, 0.008116496000000,
2, 40000, 0.008018463000000,
2, 40000, 0.008207906000000,
2, 40000, 0.007856836000000,
2, 40000, 0.016619395000000,
4, 40000, 0.011155394000000,
4, 40000, 0.007348059000000,
4, 40000, 0.006725560000000,
4, 40000, 0.008804272000000,
4, 40000, 0.007444556000000,
4, 40000, 0.019391133000000,
4, 40000, 0.009152477000000,
4, 40000, 0.008987849000000,
4, 40000, 0.006476006000000,
4, 40000, 0.006920725000000,
8, 40000, 0.014026598000000,
8, 40000, 0.013160686000000,
8, 40000, 0.015666334000000,
8, 40000, 0.013056329000000,
8, 40000, 0.015249726000000,
8, 40000, 0.011735557000000,
8, 40000, 0.018061631000000,
8, 40000, 0.012446772000000,
8, 40000, 0.014667072000000,
8, 40000, 0.025920961000000,
